market,quarterly_income
C01Q1,5358.887684153145
C01Q1,13132.514265622178
C01Q1,4476.583561229687
C01Q1,2194.2049421723177
C01Q1,615.6549433327764
C01Q1,3589.2425526165857
C01Q1,2734.928024218994
C01Q1,15184.957606004282
C01Q1,1838.2405236087786
C01Q1,9982.579683342823
C01Q1,4020.7621603974267
C01Q1,2351.514330209836
C01Q1,4429.535058371227
C01Q1,3219.0124157008854
C01Q1,2331.1383227239003
C01Q1,2379.846621826777
C01Q1,739.4504597363709
C01Q1,3627.8766995656383
C01Q1,4770.233083076689
C01Q1,8924.087370409343
C01Q2,15184.957606004282
C01Q2,2734.928024218994
C01Q2,3589.2425526165857
C01Q2,13132.514265622178
C01Q2,2194.2049421723177
C01Q2,4476.583561229687
C01Q2,1838.2405236087786
C01Q2,615.6549433327764
C01Q2,9982.579683342823
C01Q2,3219.0124157008854
C01Q2,2351.514330209836
C01Q2,4429.535058371227
C01Q2,2331.1383227239003
C01Q2,2379.846621826777
C01Q2,739.4504597363709
C01Q2,3627.8766995656383
C01Q2,4770.233083076689
C01Q2,4020.7621603974267
C01Q2,8924.087370409343
C01Q2,5358.887684153145
C03Q1,3160.4850833897667
C03Q1,1533.824220709445
C03Q1,1675.0976695321592
C03Q1,4327.000088723068
C03Q1,5158.090035258842
C03Q1,5172.959281265824
C03Q1,23.411001463867628
C03Q1,3551.8527768826607
C03Q1,5634.785496682722
C03Q1,1817.824154021006
C03Q1,1988.320526122897
C03Q1,5172.959281265824
C03Q1,5158.090035258842
C03Q1,4746.781178811127
C03Q1,4275.332790626079
C03Q1,6082.553515874833
C03Q1,726.5482950321299
C03Q1,3447.0681912189048
C03Q1,3229.103702709262
C03Q1,40.6867121372902
C03Q2,5158.090035258842
C03Q2,3447.0681912189048
C03Q2,4327.000088723068
C03Q2,1675.0976695321592
C03Q2,40.6867121372902
C03Q2,1533.824220709445
C03Q2,1817.824154021006
C03Q2,3160.4850833897667
C03Q2,5634.785496682722
C03Q2,1988.320526122897
C03Q2,3229.103702709262
C03Q2,5172.959281265824
C03Q2,5158.090035258842
C03Q2,4746.781178811127
C03Q2,4275.332790626079
C03Q2,6082.553515874833
C03Q2,726.5482950321299
C03Q2,5172.959281265824
C03Q2,23.411001463867628
C03Q2,3551.8527768826607
C04Q1,1667.26247170666
C04Q1,3962.682618951971
C04Q1,8547.642231359818
C04Q1,5443.71282968389
C04Q1,2319.4557788893235
C04Q1,4393.319591336037
C04Q1,4447.187766306788
C04Q1,5657.719547566219
C04Q1,11025.825783469149
C04Q1,6566.666465447647
C04Q1,2349.3203072778956
C04Q1,3623.4014563308083
C04Q1,9186.798960423632
C04Q1,7567.49808893587
C04Q1,6892.716093382596
C04Q1,6437.191696695925
C04Q1,2457.1842166921897
C04Q1,2610.033592476702
C04Q1,5725.5545328708085
C04Q1,6099.646485228316
C04Q2,2349.3203072778956
C04Q2,3962.682618951971
C04Q2,11025.825783469149
C04Q2,5725.5545328708085
C04Q2,3623.4014563308083
C04Q2,9186.798960423632
C04Q2,6892.716093382596
C04Q2,6437.191696695925
C04Q2,2457.1842166921897
C04Q2,2610.033592476702
C04Q2,7567.49808893587
C04Q2,8547.642231359818
C04Q2,5443.71282968389
C04Q2,2319.4557788893235
C04Q2,4393.319591336037
C04Q2,4447.187766306788
C04Q2,5657.719547566219
C04Q2,6566.666465447647
C04Q2,1667.26247170666
C04Q2,6099.646485228316
C05Q1,5812.38636025704
C05Q1,1659.694577612197
C05Q1,161.7780819501603
C05Q1,2343.36042408964
C05Q1,4359.937086920356
C05Q1,5429.738403859145
C05Q1,1162.4772720514068
C05Q1,4086.430538537357
C05Q1,4930.626744933828
C05Q1,5812.38636025704
C05Q1,4359.937086920356
C05Q1,3359.882624279773
C05Q1,2133.4687367219753
C05Q1,6781.1186895483615
C05Q1,2391.2161689848426
C05Q1,3325.976935638395
C05Q1,5868.653414865284
C05Q1,4900.164781283163
C05Q1,8396.638469797997
C05Q1,3374.4133617156895
C05Q2,1162.4772720514068
C05Q2,5429.738403859145
C05Q2,1659.694577612197
C05Q2,2343.36042408964
C05Q2,161.7780819501603
C05Q2,8396.638469797997
C05Q2,4930.626744933828
C05Q2,4900.164781283163
C05Q2,2133.4687367219753
C05Q2,3325.976935638395
C05Q2,2391.2161689848426
C05Q2,6781.1186895483615
C05Q2,3359.882624279773
C05Q2,4359.937086920356
C05Q2,5812.38636025704
C05Q2,3374.4133617156895
C05Q2,4359.937086920356
C05Q2,5868.653414865284
C05Q2,5812.38636025704
C05Q2,4086.430538537357
C07Q1,722.6834333939514
C07Q1,3195.3004424206615
C07Q1,5080.491990604212
C07Q1,10933.07671964378
C07Q1,8600.040616584429
C07Q1,5382.248202527755
C07Q1,3122.3086274445604
C07Q1,6144.056220485532
C07Q1,6023.2478803924305
C07Q1,8501.796976065561
C07Q1,13119.819242270773
C07Q1,5874.4297647225385
C07Q1,6258.307622902831
C07Q1,2915.5149217801722
C07Q1,6417.779810359541
C07Q1,4964.447140076991
C07Q1,4493.3795264375685
C07Q1,4798.730250071891
C07Q1,11351.559368531221
C07Q1,12015.253209315635
C07Q2,11351.559368531221
C07Q2,12015.253209315635
C07Q2,722.6834333939514
C07Q2,5874.4297647225385
C07Q2,3195.3004424206615
C07Q2,5080.491990604212
C07Q2,4798.730250071891
C07Q2,8600.040616584429
C07Q2,10933.07671964378
C07Q2,4964.447140076991
C07Q2,6258.307622902831
C07Q2,6417.779810359541
C07Q2,2915.5149217801722
C07Q2,4493.3795264375685
C07Q2,8501.796976065561
C07Q2,6023.2478803924305
C07Q2,6144.056220485532
C07Q2,3122.3086274445604
C07Q2,5382.248202527755
C07Q2,13119.819242270773
C08Q1,4364.887156013589
C08Q1,2202.071744285104
C08Q1,1597.0880075937034
C08Q1,2188.752631453395
C08Q1,3109.118977958365
C08Q1,4826.1612483393155
C08Q1,9475.037675977197
C08Q1,7008.368746127825
C08Q1,672.9828358251548
C08Q1,4162.524523736731
C08Q1,2838.3677141875746
C08Q1,4141.235418890373
C08Q1,3275.0947946544966
C08Q1,2337.213580599481
C08Q1,3541.4690550232403
C08Q1,9475.037675977197
C08Q1,1269.632179261733
C08Q1,3822.9155142317786
C08Q1,4877.569619745275
C08Q1,2962.9944614242877
C08Q2,3541.4690550232403
C08Q2,2337.213580599481
C08Q2,3275.0947946544966
C08Q2,4141.235418890373
C08Q2,672.9828358251548
C08Q2,2838.3677141875746
C08Q2,4162.524523736731
C08Q2,7008.368746127825
C08Q2,9475.037675977197
C08Q2,4826.1612483393155
C08Q2,4877.569619745275
C08Q2,3109.118977958365
C08Q2,2188.752631453395
C08Q2,1597.0880075937034
C08Q2,2202.071744285104
C08Q2,4364.887156013589
C08Q2,3822.9155142317786
C08Q2,9475.037675977197
C08Q2,2962.9944614242877
C08Q2,1269.632179261733
C11Q1,5814.8385483309185
C11Q1,1932.857667355034
C11Q1,705.2058817493793
C11Q1,5155.881542894171
C11Q1,4412.186970072168
C11Q1,2261.379664414777
C11Q1,7525.068381315941
C11Q1,3500.194617374764
C11Q1,3178.0517362780165
C11Q1,7048.018799564616
C11Q1,9951.344747364514
C11Q1,9275.165309228774
C11Q1,1919.0363128976326
C11Q1,4469.920006681098
C11Q1,1746.9075603186095
C11Q1,7016.974250859131
C11Q1,1972.7266661555764
C11Q1,8611.741818371745
C11Q1,1994.0964952056097
C11Q1,2634.980417608419
C11Q2,8611.741818371745
C11Q2,1972.7266661555764
C11Q2,3500.194617374764
C11Q2,7525.068381315941
C11Q2,4412.186970072168
C11Q2,5155.881542894171
C11Q2,705.2058817493793
C11Q2,1932.857667355034
C11Q2,1994.0964952056097
C11Q2,2634.980417608419
C11Q2,3178.0517362780165
C11Q2,5814.8385483309185
C11Q2,7048.018799564616
C11Q2,9951.344747364514
C11Q2,9275.165309228774
C11Q2,1919.0363128976326
C11Q2,4469.920006681098
C11Q2,1746.9075603186095
C11Q2,7016.974250859131
C11Q2,2261.379664414777
C12Q1,3189.534373476136
C12Q1,4041.1412140797283
C12Q1,4146.394913983699
C12Q1,4535.516037657363
C12Q1,5265.921578836753
C12Q1,7200.374310763443
C12Q1,8611.741818371745
C12Q1,1609.8157775560446
C12Q1,7348.579379414875
C12Q1,7250.872631005353
C12Q1,4578.813911241329
C12Q1,3044.4101516734345
C12Q1,4433.45322844579
C12Q1,256.4385197622537
C12Q1,395.18343521468717
C12Q1,1609.8157775560446
C12Q1,4254.199803343422
C12Q1,2790.8421008234345
C12Q1,3150.3027912649836
C12Q1,1530.976407882655
C12Q2,3150.3027912649836
C12Q2,4146.394913983699
C12Q2,2790.8421008234345
C12Q2,4254.199803343422
C12Q2,1609.8157775560446
C12Q2,395.18343521468717
C12Q2,256.4385197622537
C12Q2,4433.45322844579
C12Q2,3044.4101516734345
C12Q2,3189.534373476136
C12Q2,4578.813911241329
C12Q2,1530.976407882655
C12Q2,8611.741818371745
C12Q2,7200.374310763443
C12Q2,5265.921578836753
C12Q2,4535.516037657363
C12Q2,4041.1412140797283
C12Q2,7348.579379414875
C12Q2,7250.872631005353
C12Q2,1609.8157775560446
C13Q1,3790.57023967841
C13Q1,5369.899684012861
C13Q1,7724.09542857305
C13Q1,8598.346169856364
C13Q1,4465.346904388044
C13Q1,4305.870909185873
C13Q1,1101.0271143280022
C13Q1,1585.51741147554
C13Q1,12157.06888109133
C13Q1,1275.8136732355456
C13Q1,3785.9769563344357
C13Q1,6586.386779166001
C13Q1,3466.8105898609024
C13Q1,7973.834029817604
C13Q1,265.733759505528
C13Q1,5327.477591883847
C13Q1,3356.7450420237565
C13Q1,2902.954311843364
C13Q1,647.4755105622665
C13Q1,1855.4583870132274
C13Q2,12157.06888109133
C13Q2,7973.834029817604
C13Q2,3466.8105898609024
C13Q2,6586.386779166001
C13Q2,1275.8136732355456
C13Q2,3785.9769563344357
C13Q2,1855.4583870132274
C13Q2,1101.0271143280022
C13Q2,4305.870909185873
C13Q2,5369.899684012861
C13Q2,4465.346904388044
C13Q2,265.733759505528
C13Q2,1585.51741147554
C13Q2,5327.477591883847
C13Q2,7724.09542857305
C13Q2,2902.954311843364
C13Q2,647.4755105622665
C13Q2,3790.57023967841
C13Q2,8598.346169856364
C13Q2,3356.7450420237565
C14Q1,5613.580162236396
C14Q1,3955.021435093826
C14Q1,1127.8191729078576
C14Q1,4438.075831429776
C14Q1,7360.965975384318
C14Q1,6379.070270050455
C14Q1,6705.835754131183
C14Q1,5629.52700020752
C14Q1,1403.4481586082147
C14Q1,7564.93547624375
C14Q1,2758.1495598844476
C14Q1,792.772984783232
C14Q1,1922.3322973646336
C14Q1,12024.384182919935
C14Q1,6082.229857511038
C14Q1,2477.7894504545943
C14Q1,1371.4996511313925
C14Q1,4199.554848299579
C14Q1,2758.9469017830024
C14Q1,3460.644707643462
C14Q2,4438.075831429776
C14Q2,1127.8191729078576
C14Q2,5613.580162236396
C14Q2,792.772984783232
C14Q2,1922.3322973646336
C14Q2,12024.384182919935
C14Q2,3955.021435093826
C14Q2,2477.7894504545943
C14Q2,1371.4996511313925
C14Q2,7360.965975384318
C14Q2,2758.9469017830024
C14Q2,3460.644707643462
C14Q2,6082.229857511038
C14Q2,4199.554848299579
C14Q2,7564.93547624375
C14Q2,6705.835754131183
C14Q2,5629.52700020752
C14Q2,1403.4481586082147
C14Q2,2758.1495598844476
C14Q2,6379.070270050455
C15Q1,425.595898174425
C15Q1,4258.540633163647
C15Q1,366.457156175378
C15Q1,5791.234334247104
C15Q1,5574.238536181558
C15Q1,4649.908326656543
C15Q1,888.003556322502
C15Q1,4780.689152099781
C15Q1,4105.968080473809
C15Q1,3236.2078134071467
C15Q1,12773.447676835376
C15Q1,841.9888563554371
C15Q1,4302.459169256994
C15Q1,16565.30341137984
C15Q1,1036.8007293923843
C15Q1,2190.6241383451834
C15Q1,2834.5721535167027
C15Q1,4113.233258804495
C15Q1,366.457156175378
C15Q1,1472.4711604951772
C15Q2,4105.968080473809
C15Q2,366.457156175378
C15Q2,4113.233258804495
C15Q2,4258.540633163647
C15Q2,366.457156175378
C15Q2,5791.234334247104
C15Q2,5574.238536181558
C15Q2,425.595898174425
C15Q2,888.003556322502
C15Q2,4780.689152099781
C15Q2,1472.4711604951772
C15Q2,4649.908326656543
C15Q2,3236.2078134071467
C15Q2,841.9888563554371
C15Q2,4302.459169256994
C15Q2,16565.30341137984
C15Q2,1036.8007293923843
C15Q2,2190.6241383451834
C15Q2,2834.5721535167027
C15Q2,12773.447676835376
C16Q1,5300.541600525742
C16Q1,13253.448261315349
C16Q1,5394.295909151594
C16Q1,7979.58372545667
C16Q1,9295.571017129261
C16Q1,2491.2623962027396
C16Q1,3679.8988795391583
C16Q1,13958.547526191947
C16Q1,7973.243829271881
C16Q1,1991.9138955100393
C16Q1,5568.42791661519
C16Q1,4457.7085670026345
C16Q1,1661.969705522356
C16Q1,767.4514774986128
C16Q1,243.71044518027574
C16Q1,13055.91765802257
C16Q1,4919.340587401261
C16Q1,5267.1743270918905
C16Q1,5216.241923867972
C16Q1,2998.6699901537672
C16Q2,5568.42791661519
C16Q2,1991.9138955100393
C16Q2,4457.7085670026345
C16Q2,1661.969705522356
C16Q2,5216.241923867972
C16Q2,243.71044518027574
C16Q2,13055.91765802257
C16Q2,2998.6699901537672
C16Q2,5267.1743270918905
C16Q2,4919.340587401261
C16Q2,13958.547526191947
C16Q2,3679.8988795391583
C16Q2,2491.2623962027396
C16Q2,9295.571017129261
C16Q2,7979.58372545667
C16Q2,5394.295909151594
C16Q2,13253.448261315349
C16Q2,5300.541600525742
C16Q2,7973.243829271881
C16Q2,767.4514774986128
C18Q1,3508.487506204114
C18Q1,3076.496880310322
C18Q1,7832.3001312056895
C18Q1,334.26316334898536
C18Q1,5422.926347237772
C18Q1,2686.943196752823
C18Q1,10094.873904595574
C18Q1,4030.9326485112933
C18Q1,671.7159989118328
C18Q1,2066.8179602543087
C18Q1,5344.383981709973
C18Q1,3785.817411799812
C18Q1,6070.083149505342
C18Q1,561.1028972780656
C18Q1,15368.235818053985
C18Q1,286.71013421756146
C18Q1,4558.320625195348
C18Q1,26259.115102550706
C18Q1,3423.539370495123
C18Q1,6753.8400010991945
C18Q2,6070.083149505342
C18Q2,6753.8400010991945
C18Q2,3508.487506204114
C18Q2,7832.3001312056895
C18Q2,334.26316334898536
C18Q2,5422.926347237772
C18Q2,2686.943196752823
C18Q2,10094.873904595574
C18Q2,4030.9326485112933
C18Q2,671.7159989118328
C18Q2,5344.383981709973
C18Q2,3785.817411799812
C18Q2,3423.539370495123
C18Q2,26259.115102550706
C18Q2,4558.320625195348
C18Q2,286.71013421756146
C18Q2,15368.235818053985
C18Q2,561.1028972780656
C18Q2,3076.496880310322
C18Q2,2066.8179602543087
C20Q1,5852.474304421319
C20Q1,6251.487950790538
C20Q1,2091.0584486038765
C20Q1,9338.636618240404
C20Q1,978.1237526848266
C20Q1,3976.2876934674496
C20Q1,2769.5785078716303
C20Q1,3231.874979852386
C20Q1,4199.657657426903
C20Q1,11274.471561767734
C20Q1,205.15085388725745
C20Q1,3699.85946199581
C20Q1,2872.0159992361037
C20Q1,1554.3662458972765
C20Q1,5345.65957643784
C20Q1,205.15085388725745
C20Q1,3470.6914440299993
C20Q1,2872.0159992361037
C20Q1,12744.421233221728
C20Q1,4600.902642633525
C20Q2,3470.6914440299993
C20Q2,5852.474304421319
C20Q2,205.15085388725745
C20Q2,5345.65957643784
C20Q2,1554.3662458972765
C20Q2,2872.0159992361037
C20Q2,3699.85946199581
C20Q2,12744.421233221728
C20Q2,205.15085388725745
C20Q2,2872.0159992361037
C20Q2,4199.657657426903
C20Q2,3976.2876934674496
C20Q2,978.1237526848266
C20Q2,9338.636618240404
C20Q2,2091.0584486038765
C20Q2,11274.471561767734
C20Q2,6251.487950790538
C20Q2,4600.902642633525
C20Q2,2769.5785078716303
C20Q2,3231.874979852386
C23Q1,2694.3264151926523
C23Q1,21397.796940413027
C23Q1,2694.3264151926523
C23Q1,4987.613463433323
C23Q1,5000.993880966879
C23Q1,11881.452841725533
C23Q1,8207.69433250926
C23Q1,2965.2349388507923
C23Q1,3971.4518567379023
C23Q1,11881.452841725533
C23Q1,1331.349259941626
C23Q1,3779.7570041315143
C23Q1,5915.165025614401
C23Q1,1769.8218109257366
C23Q1,7288.786352514057
C23Q1,5482.20913624743
C23Q1,4251.861847633235
C23Q1,898.8636271385116
C23Q1,4144.197844855398
C23Q1,2606.1580691512468
C23Q2,11881.452841725533
C23Q2,1331.349259941626
C23Q2,3779.7570041315143
C23Q2,5915.165025614401
C23Q2,1769.8218109257366
C23Q2,7288.786352514057
C23Q2,5482.20913624743
C23Q2,4251.861847633235
C23Q2,2694.3264151926523
C23Q2,8207.69433250926
C23Q2,11881.452841725533
C23Q2,5000.993880966879
C23Q2,4987.613463433323
C23Q2,2694.3264151926523
C23Q2,4144.197844855398
C23Q2,2606.1580691512468
C23Q2,2965.2349388507923
C23Q2,898.8636271385116
C23Q2,21397.796940413027
C23Q2,3971.4518567379023
C24Q1,133.90016859852213
C24Q1,2492.868122461674
C24Q1,4106.021388910198
C24Q1,1956.8369443662946
C24Q1,1237.9844836759605
C24Q1,4052.5263729941607
C24Q1,1842.311384276145
C24Q1,4305.471095912957
C24Q1,3150.743728188829
C24Q1,430.70855799864427
C24Q1,3018.9964969487723
C24Q1,2865.8295551932
C24Q1,2291.856478272724
C24Q1,7052.363437130292
C24Q1,4269.198512695923
C24Q1,11722.29288939623
C24Q1,6474.351484604294
C24Q1,1276.7876945232754
C24Q1,2079.542684020286
C24Q1,176.21682425585044
C24Q2,6474.351484604294
C24Q2,11722.29288939623
C24Q2,4269.198512695923
C24Q2,2865.8295551932
C24Q2,2291.856478272724
C24Q2,1276.7876945232754
C24Q2,2079.542684020286
C24Q2,7052.363437130292
C24Q2,176.21682425585044
C24Q2,1956.8369443662946
C24Q2,1842.311384276145
C24Q2,3018.9964969487723
C24Q2,4052.5263729941607
C24Q2,2492.868122461674
C24Q2,1237.9844836759605
C24Q2,133.90016859852213
C24Q2,430.70855799864427
C24Q2,4106.021388910198
C24Q2,4305.471095912957
C24Q2,3150.743728188829
C25Q1,6018.96797449951
C25Q1,268.37652523949646
C25Q1,1694.8385450759745
C25Q1,2498.4681737043065
C25Q1,4783.533537955664
C25Q1,1733.6710755633019
C25Q1,1395.421050411717
C25Q1,3647.072686734654
C25Q1,2530.097972886434
C25Q1,5724.575942288527
C25Q1,669.4831369762385
C25Q1,878.8440246272917
C25Q1,4046.8794864824204
C25Q1,3094.166723100436
C25Q1,1414.8771065954
C25Q1,3870.181058581249
C25Q1,2998.1620369098923
C25Q1,2998.1620369098923
C25Q1,1904.1518359088236
C25Q1,878.8440246272917
C25Q2,5724.575942288527
C25Q2,1694.8385450759745
C25Q2,2498.4681737043065
C25Q2,6018.96797449951
C25Q2,4783.533537955664
C25Q2,1733.6710755633019
C25Q2,2530.097972886434
C25Q2,2998.1620369098923
C25Q2,1414.8771065954
C25Q2,1904.1518359088236
C25Q2,878.8440246272917
C25Q2,268.37652523949646
C25Q2,3094.166723100436
C25Q2,669.4831369762385
C25Q2,4046.8794864824204
C25Q2,3870.181058581249
C25Q2,878.8440246272917
C25Q2,2998.1620369098923
C25Q2,3647.072686734654
C25Q2,1395.421050411717
C26Q1,7144.392837064424
C26Q1,4593.508000957326
C26Q1,2153.811997596984
C26Q1,8513.048863889026
C26Q1,4807.103482330363
C26Q1,8513.048863889026
C26Q1,3552.175292922809
C26Q1,2684.031033027817
C26Q1,3070.877790340407
C26Q1,6340.345498759533
C26Q1,3008.7174880893963
C26Q1,2073.213830297313
C26Q1,3008.7174880893963
C26Q1,3965.34042528049
C26Q1,2684.031033027817
C26Q1,6748.825200333194
C26Q1,3374.628880108519
C26Q1,2045.9602729681505
C26Q1,2212.3511339190245
C26Q1,13807.00306477531
C26Q2,2212.3511339190245
C26Q2,2045.9602729681505
C26Q2,3965.34042528049
C26Q2,6748.825200333194
C26Q2,2684.031033027817
C26Q2,3008.7174880893963
C26Q2,3374.628880108519
C26Q2,7144.392837064424
C26Q2,3552.175292922809
C26Q2,6340.345498759533
C26Q2,3070.877790340407
C26Q2,2684.031033027817
C26Q2,8513.048863889026
C26Q2,4807.103482330363
C26Q2,2153.811997596984
C26Q2,4593.508000957326
C26Q2,3008.7174880893963
C26Q2,13807.00306477531
C26Q2,2073.213830297313
C26Q2,8513.048863889026
C27Q1,5802.630916397915
C27Q1,6313.047771583077
C27Q1,6068.906556159332
C27Q1,3717.8095548515093
C27Q1,8426.548310357493
C27Q1,8327.95435725665
C27Q1,9464.303641535778
C27Q1,3417.1042806739188
C27Q1,12561.082097244709
C27Q1,3159.209488661893
C27Q1,710.0698957953
C27Q1,4317.351261736717
C27Q1,4431.488431790321
C27Q1,6294.241316774252
C27Q1,3739.4721995271393
C27Q1,2790.259134994073
C27Q1,4644.684099890445
C27Q1,4409.997516434775
C27Q1,1044.4733364868966
C27Q1,4871.789462142565
C27Q2,710.0698957953
C27Q2,4317.351261736717
C27Q2,4431.488431790321
C27Q2,6294.241316774252
C27Q2,3739.4721995271393
C27Q2,3417.1042806739188
C27Q2,5802.630916397915
C27Q2,9464.303641535778
C27Q2,4409.997516434775
C27Q2,3159.209488661893
C27Q2,8426.548310357493
C27Q2,3717.8095548515093
C27Q2,6068.906556159332
C27Q2,6313.047771583077
C27Q2,4644.684099890445
C27Q2,1044.4733364868966
C27Q2,2790.259134994073
C27Q2,4871.789462142565
C27Q2,8327.95435725665
C27Q2,12561.082097244709
C29Q1,4807.9754560398615
C29Q1,1829.8254061502785
C29Q1,7058.82137342424
C29Q1,1310.6933831646522
C29Q1,4653.13729480351
C29Q1,2857.7567540512255
C29Q1,2154.565550422791
C29Q1,4601.473804451975
C29Q1,1627.4684854916086
C29Q1,2550.9918337544286
C29Q1,22022.488044488244
C29Q1,3212.3770384686813
C29Q1,2475.646070537222
C29Q1,5650.9303374175715
C29Q1,3938.2140466495675
C29Q1,1652.22454257596
C29Q1,4520.745793032244
C29Q1,1759.8615103610582
C29Q1,2757.6545529751215
C29Q1,3652.923668402857
C29Q2,1759.8615103610582
C29Q2,4653.13729480351
C29Q2,2857.7567540512255
C29Q2,2154.565550422791
C29Q2,4601.473804451975
C29Q2,1627.4684854916086
C29Q2,2550.9918337544286
C29Q2,2757.6545529751215
C29Q2,22022.488044488244
C29Q2,1310.6933831646522
C29Q2,1652.22454257596
C29Q2,3938.2140466495675
C29Q2,5650.9303374175715
C29Q2,7058.82137342424
C29Q2,3212.3770384686813
C29Q2,2475.646070537222
C29Q2,4520.745793032244
C29Q2,4807.9754560398615
C29Q2,1829.8254061502785
C29Q2,3652.923668402857
C30Q1,4242.795605701705
C30Q1,4734.021423786953
C30Q1,5435.3167509526775
C30Q1,8610.359606771099
C30Q1,5640.1429945397795
C30Q1,2210.2058501289243
C30Q1,2044.5936731238723
C30Q1,1283.3758557118226
C30Q1,961.6331686625365
C30Q1,3653.2172455775367
C30Q1,4938.47831606479
C30Q1,1226.7562038743235
C30Q1,6692.42868237944
C30Q1,1626.3958435965587
C30Q1,8075.988224920132
C30Q1,2895.249338912471
C30Q1,7077.597366269429
C30Q1,1022.2966461746634
C30Q1,9873.815242128117
C30Q1,2038.6174166301553
C30Q2,2210.2058501289243
C30Q2,4242.795605701705
C30Q2,4734.021423786953
C30Q2,8610.359606771099
C30Q2,5640.1429945397795
C30Q2,2044.5936731238723
C30Q2,1022.2966461746634
C30Q2,961.6331686625365
C30Q2,1283.3758557118226
C30Q2,5435.3167509526775
C30Q2,7077.597366269429
C30Q2,2895.249338912471
C30Q2,8075.988224920132
C30Q2,9873.815242128117
C30Q2,6692.42868237944
C30Q2,2038.6174166301553
C30Q2,4938.47831606479
C30Q2,3653.2172455775367
C30Q2,1226.7562038743235
C30Q2,1626.3958435965587
C31Q1,4841.555963219275
C31Q1,1894.5151937079333
C31Q1,1293.9663381495247
C31Q1,10282.542447156437
C31Q1,6997.467170886332
C31Q1,2712.4470950448
C31Q1,3229.103702709262
C31Q1,6199.877768875384
C31Q1,976.8039881096618
C31Q1,2631.0736707702195
C31Q1,12929.33296807221
C31Q1,443.67888134655385
C31Q1,6383.452985070688
C31Q1,4577.256543349691
C31Q1,4520.745793032244
C31Q1,443.67888134655385
C31Q1,1980.5169325846869
C31Q1,9525.855846837418
C31Q1,3674.720345718543
C31Q1,3311.1229206132393
C31Q2,6199.877768875384
C31Q2,1293.9663381495247
C31Q2,10282.542447156437
C31Q2,6997.467170886332
C31Q2,2712.4470950448
C31Q2,1980.5169325846869
C31Q2,443.67888134655385
C31Q2,3674.720345718543
C31Q2,1894.5151937079333
C31Q2,3229.103702709262
C31Q2,4841.555963219275
C31Q2,4520.745793032244
C31Q2,976.8039881096618
C31Q2,4577.256543349691
C31Q2,6383.452985070688
C31Q2,443.67888134655385
C31Q2,12929.33296807221
C31Q2,2631.0736707702195
C31Q2,9525.855846837418
C31Q2,3311.1229206132393
C32Q1,4802.195298437153
C32Q1,4052.5263729941607
C32Q1,816.7480732744916
C32Q1,10442.920878031748
C32Q1,191.6150422616277
C32Q1,196.84616104699344
C32Q1,3983.0350184160734
C32Q1,2428.6089909151306
C32Q1,11567.77838652367
C32Q1,2373.3913509546524
C32Q1,2066.626430657855
C32Q1,3983.0350184160734
C32Q1,6490.500133084609
C32Q1,850.3304843266272
C32Q1,2919.75560789489
C32Q1,6217.64090142918
C32Q1,5011.567990099117
C32Q1,2373.3913509546524
C32Q1,990.2780761814438
C32Q1,1944.323931247689
C32Q2,1944.323931247689
C32Q2,850.3304843266272
C32Q2,2066.626430657855
C32Q2,3983.0350184160734
C32Q2,6490.500133084609
C32Q2,11567.77838652367
C32Q2,990.2780761814438
C32Q2,816.7480732744916
C32Q2,4052.5263729941607
C32Q2,2373.3913509546524
C32Q2,191.6150422616277
C32Q2,10442.920878031748
C32Q2,6217.64090142918
C32Q2,5011.567990099117
C32Q2,3983.0350184160734
C32Q2,2919.75560789489
C32Q2,2373.3913509546524
C32Q2,196.84616104699344
C32Q2,4802.195298437153
C32Q2,2428.6089909151306
C33Q1,4186.20870047513
C33Q1,15378.524346277018
C33Q1,9977.930426140638
C33Q1,1549.9698229933929
C33Q1,3392.3029114186365
C33Q1,1166.3524146023183
C33Q1,617.6631482864466
C33Q1,3562.7509251532306
C33Q1,795.4898111663259
C33Q1,5408.750110903839
C33Q1,12206.013641187048
C33Q1,10171.67613044982
C33Q1,4224.743084493226
C33Q1,1679.1338797158717
C33Q1,1340.7239292551212
C33Q1,266.3364875338111
C33Q1,1218.857416699704
C33Q1,1022.5494804729639
C33Q1,77.49847211094229
C33Q1,2368.5475179596506
C33Q2,12206.013641187048
C33Q2,4224.743084493226
C33Q2,1679.1338797158717
C33Q2,1340.7239292551212
C33Q2,266.3364875338111
C33Q2,4186.20870047513
C33Q2,1549.9698229933929
C33Q2,3392.3029114186365
C33Q2,1166.3524146023183
C33Q2,617.6631482864466
C33Q2,3562.7509251532306
C33Q2,795.4898111663259
C33Q2,15378.524346277018
C33Q2,5408.750110903839
C33Q2,2368.5475179596506
C33Q2,10171.67613044982
C33Q2,77.49847211094229
C33Q2,9977.930426140638
C33Q2,1022.5494804729639
C33Q2,1218.857416699704
C34Q1,1810.6983391740237
C34Q1,8591.008644362
C34Q1,1492.0639147407428
C34Q1,2770.6420111775838
C34Q1,1328.2284317656165
C34Q1,5539.90028765634
C34Q1,5103.254692942182
C34Q1,6825.391345969152
C34Q1,3335.0405121481094
C34Q1,2871.4577837522065
C34Q1,5302.601590817624
C34Q1,894.4515924782575
C34Q1,11120.631029840946
C34Q1,15277.866595138823
C34Q1,3097.356471469206
C34Q1,6698.022260454793
C34Q1,9648.339594931305
C34Q1,4271.422236042423
C34Q1,3178.0517362780165
C34Q1,7888.780419559481
C34Q2,6698.022260454793
C34Q2,9648.339594931305
C34Q2,3097.356471469206
C34Q2,5539.90028765634
C34Q2,1328.2284317656165
C34Q2,2770.6420111775838
C34Q2,1492.0639147407428
C34Q2,8591.008644362
C34Q2,4271.422236042423
C34Q2,15277.866595138823
C34Q2,11120.631029840946
C34Q2,5302.601590817624
C34Q2,2871.4577837522065
C34Q2,3178.0517362780165
C34Q2,3335.0405121481094
C34Q2,6825.391345969152
C34Q2,5103.254692942182
C34Q2,1810.6983391740237
C34Q2,7888.780419559481
C34Q2,894.4515924782575
C35Q1,3940.670042468903
C35Q1,5509.91809993317
C35Q1,8551.937368234569
C35Q1,5143.121787869995
C35Q1,2825.927048232643
C35Q1,7910.042870187652
C35Q1,3323.8933373246905
C35Q1,4198.2792535717035
C35Q1,3849.3679219169303
C35Q1,4125.981590592296
C35Q1,5036.146987019757
C35Q1,9153.964771353665
C35Q1,7463.935028014495
C35Q1,6138.257024155533
C35Q1,3867.3100185071735
C35Q1,15136.412659181477
C35Q1,2138.024323385933
C35Q1,20338.383153079132
C35Q1,6351.479346473861
C35Q1,2729.0290649580397
C35Q2,2825.927048232643
C35Q2,5143.121787869995
C35Q2,3323.8933373246905
C35Q2,4198.2792535717035
C35Q2,3849.3679219169303
C35Q2,4125.981590592296
C35Q2,6351.479346473861
C35Q2,7910.042870187652
C35Q2,9153.964771353665
C35Q2,15136.412659181477
C35Q2,20338.383153079132
C35Q2,2138.024323385933
C35Q2,6138.257024155533
C35Q2,5509.91809993317
C35Q2,3867.3100185071735
C35Q2,2729.0290649580397
C35Q2,7463.935028014495
C35Q2,5036.146987019757
C35Q2,3940.670042468903
C35Q2,8551.937368234569
C36Q1,176.38977205447708
C36Q1,6028.197949485671
C36Q1,2584.4939013774338
C36Q1,9533.444683531898
C36Q1,5570.202325997843
C36Q1,33724.43614991128
C36Q1,4574.777701057617
C36Q1,6640.114067554868
C36Q1,6808.081335124667
C36Q1,4785.936225338607
C36Q1,3196.8128789159146
C36Q1,185.99637114371623
C36Q1,3555.2431934369797
C36Q1,628.0605780295116
C36Q1,1162.4772720514068
C36Q1,883.1597233274997
C36Q1,4866.26061573997
C36Q1,1420.8057662709127
C36Q1,497.4971748518293
C36Q1,6571.228144504331
C36Q2,4866.26061573997
C36Q2,497.4971748518293
C36Q2,33724.43614991128
C36Q2,6808.081335124667
C36Q2,9533.444683531898
C36Q2,2584.4939013774338
C36Q2,6028.197949485671
C36Q2,1420.8057662709127
C36Q2,185.99637114371623
C36Q2,628.0605780295116
C36Q2,6571.228144504331
C36Q2,3196.8128789159146
C36Q2,6640.114067554868
C36Q2,3555.2431934369797
C36Q2,4785.936225338607
C36Q2,4574.777701057617
C36Q2,5570.202325997843
C36Q2,176.38977205447708
C36Q2,1162.4772720514068
C36Q2,883.1597233274997
C37Q1,8410.281621768036
C37Q1,8742.796801487837
C37Q1,5082.178821841376
C37Q1,340.13226988556005
C37Q1,881.222342439317
C37Q1,5043.122776695754
C37Q1,2830.8477976858608
C37Q1,3246.217995437304
C37Q1,5166.566076644643
C37Q1,1022.5494804729639
C37Q1,2830.8477976858608
C37Q1,2518.7010099610793
C37Q1,1977.8259988706964
C37Q1,4670.188378956973
C37Q1,3229.103702709262
C37Q1,387.49255094198446
C37Q1,168.34392975033487
C37Q1,2672.083470109481
C37Q1,4407.728100142804
C37Q1,3774.1763723907125
C37Q2,1977.8259988706964
C37Q2,4670.188378956973
C37Q2,8742.796801487837
C37Q2,8410.281621768036
C37Q2,2672.083470109481
C37Q2,168.34392975033487
C37Q2,387.49255094198446
C37Q2,3229.103702709262
C37Q2,5082.178821841376
C37Q2,340.13226988556005
C37Q2,881.222342439317
C37Q2,5043.122776695754
C37Q2,2830.8477976858608
C37Q2,3246.217995437304
C37Q2,5166.566076644643
C37Q2,2830.8477976858608
C37Q2,4407.728100142804
C37Q2,2518.7010099610793
C37Q2,3774.1763723907125
C37Q2,1022.5494804729639
C38Q1,2805.4455661975653
C38Q1,7321.803313365934
C38Q1,6752.3664036075925
C38Q1,7983.262007567492
C38Q1,24925.29613890607
C38Q1,493.52074627178007
C38Q1,1012.589941457377
C38Q1,3481.752183031557
C38Q1,3273.6257664574487
C38Q1,3115.661826975987
C38Q1,1245.5638010067917
C38Q1,2700.2402246608876
C38Q1,806.748552931614
C38Q1,4478.765399376166
C38Q1,3572.625551445144
C38Q1,4100.005151089188
C38Q1,3089.697953032885
C38Q1,4361.924730048561
C38Q1,393.8195007922287
C38Q1,1996.7238395704826
C38Q2,3089.697953032885
C38Q2,3572.625551445144
C38Q2,4100.005151089188
C38Q2,4361.924730048561
C38Q2,1996.7238395704826
C38Q2,7321.803313365934
C38Q2,2805.4455661975653
C38Q2,4478.765399376166
C38Q2,393.8195007922287
C38Q2,806.748552931614
C38Q2,24925.29613890607
C38Q2,1245.5638010067917
C38Q2,7983.262007567492
C38Q2,1012.589941457377
C38Q2,3481.752183031557
C38Q2,493.52074627178007
C38Q2,3273.6257664574487
C38Q2,3115.661826975987
C38Q2,2700.2402246608876
C38Q2,6752.3664036075925
C39Q1,96.87311869676881
C39Q1,1803.615932625244
C39Q1,2475.753829733638
C39Q1,1373.9838242671049
C39Q1,1352.3485953587629
C39Q1,452.80109713629275
C39Q1,4877.23834589058
C39Q1,6189.741550470626
C39Q1,1121.5322043849058
C39Q1,1067.218903970306
C39Q1,4206.877142812106
C39Q1,10492.0027169639
C39Q1,4488.840693853621
C39Q1,3773.6920271686636
C39Q1,12685.534449739527
C39Q1,7128.247996329568
C39Q1,3248.3975489365066
C39Q1,1689.144061746027
C39Q1,457.5642059276206
C39Q1,11301.864482580602
C39Q2,4488.840693853621
C39Q2,7128.247996329568
C39Q2,3248.3975489365066
C39Q2,96.87311869676881
C39Q2,2475.753829733638
C39Q2,1373.9838242671049
C39Q2,1352.3485953587629
C39Q2,452.80109713629275
C39Q2,4877.23834589058
C39Q2,1689.144061746027
C39Q2,6189.741550470626
C39Q2,1121.5322043849058
C39Q2,457.5642059276206
C39Q2,4206.877142812106
C39Q2,10492.0027169639
C39Q2,11301.864482580602
C39Q2,3773.6920271686636
C39Q2,12685.534449739527
C39Q2,1803.615932625244
C39Q2,1067.218903970306
C40Q1,489.45178947714203
C40Q1,27078.937930281158
C40Q1,1591.532506972912
C40Q1,5689.799803035829
C40Q1,9509.863315920824
C40Q1,2859.191893313718
C40Q1,7145.8321648469255
C40Q1,5485.63229941267
C40Q1,2790.3661326413926
C40Q1,1926.4732205483976
C40Q1,5547.31396805982
C40Q1,2411.1539049687535
C40Q1,1396.9292983869711
C40Q1,2371.3412608009626
C40Q1,1649.8808752475882
C40Q1,3882.8456199690186
C40Q1,3225.0800580855584
C40Q1,4513.15695633777
C40Q1,2458.6224021510448
C40Q1,3594.890200677418
C40Q2,489.45178947714203
C40Q2,1396.9292983869711
C40Q2,2411.1539049687535
C40Q2,5547.31396805982
C40Q2,1926.4732205483976
C40Q2,2790.3661326413926
C40Q2,5485.63229941267
C40Q2,7145.8321648469255
C40Q2,2859.191893313718
C40Q2,9509.863315920824
C40Q2,5689.799803035829
C40Q2,1591.532506972912
C40Q2,1649.8808752475882
C40Q2,3882.8456199690186
C40Q2,3594.890200677418
C40Q2,3225.0800580855584
C40Q2,4513.15695633777
C40Q2,2458.6224021510448
C40Q2,2371.3412608009626
C40Q2,27078.937930281158
C41Q1,6736.339602981883
C41Q1,6163.582339185616
C41Q1,3734.2430226919582
C41Q1,7233.193268851585
C41Q1,3231.041083597444
C41Q1,6942.574712387822
C41Q1,3640.8146570771696
C41Q1,7982.131107166958
C41Q1,3772.4004399098753
C41Q1,4746.781178811127
C41Q1,108.49789903277387
C41Q1,2114.094166291058
C41Q1,5917.331632779055
C41Q1,6472.4171499124695
C41Q1,539.4756646351811
C41Q1,4061.5659607074977
C41Q1,539.4756646351811
C41Q1,4345.083071895197
C41Q1,3098.540299531582
C41Q1,1395.941569215599
C41Q2,6942.574712387822
C41Q2,4345.083071895197
C41Q2,108.49789903277387
C41Q2,6736.339602981883
C41Q2,6163.582339185616
C41Q2,3734.2430226919582
C41Q2,7233.193268851585
C41Q2,3231.041083597444
C41Q2,539.4756646351811
C41Q2,3640.8146570771696
C41Q2,539.4756646351811
C41Q2,4746.781178811127
C41Q2,3772.4004399098753
C41Q2,2114.094166291058
C41Q2,5917.331632779055
C41Q2,6472.4171499124695
C41Q2,3098.540299531582
C41Q2,1395.941569215599
C41Q2,7982.131107166958
C41Q2,4061.5659607074977
C43Q1,4412.849517781567
C43Q1,3995.128417985389
C43Q1,2689.5815835795147
C43Q1,4040.333972042985
C43Q1,6168.037401369519
C43Q1,6434.514851640129
C43Q1,1668.680095340054
C43Q1,841.3232624496698
C43Q1,6300.470788340815
C43Q1,398.6100253508422
C43Q1,7811.536495232292
C43Q1,3622.771655232329
C43Q1,8291.632273348683
C43Q1,1890.1416172767879
C43Q1,21547.616493137957
C43Q1,1099.8105396547037
C43Q1,12695.609744217
C43Q1,11104.581382742492
C43Q1,18366.035738370985
C43Q1,2863.1447138719363
C43Q2,7811.536495232292
C43Q2,2689.5815835795147
C43Q2,18366.035738370985
C43Q2,2863.1447138719363
C43Q2,6300.470788340815
C43Q2,4412.849517781567
C43Q2,398.6100253508422
C43Q2,6434.514851640129
C43Q2,3622.771655232329
C43Q2,8291.632273348683
C43Q2,1668.680095340054
C43Q2,841.3232624496698
C43Q2,4040.333972042985
C43Q2,6168.037401369519
C43Q2,11104.581382742492
C43Q2,1890.1416172767879
C43Q2,21547.616493137957
C43Q2,1099.8105396547037
C43Q2,12695.609744217
C43Q2,3995.128417985389
C44Q1,2931.3863663912584
C44Q1,34.84968204843974
C44Q1,1333.052845258791
C44Q1,2514.8799373956494
C44Q1,2534.5221923321483
C44Q1,5943.452766609506
C44Q1,5838.9073073603995
C44Q1,2511.838310325129
C44Q1,814.5319654189058
C44Q1,5052.569793172917
C44Q1,8918.50902331582
C44Q1,219.23616125969068
C44Q1,3801.7832884982195
C44Q1,2534.5221923321483
C44Q1,633.630548083037
C44Q1,3326.5606630168513
C44Q1,3849.3069979896295
C44Q1,601.9489635627033
C44Q1,2818.3888545527366
C44Q1,1690.7376032195025
C44Q2,5943.452766609506
C44Q2,2514.8799373956494
C44Q2,2818.3888545527366
C44Q2,34.84968204843974
C44Q2,2931.3863663912584
C44Q2,5838.9073073603995
C44Q2,2534.5221923321483
C44Q2,2511.838310325129
C44Q2,1690.7376032195025
C44Q2,601.9489635627033
C44Q2,3849.3069979896295
C44Q2,3326.5606630168513
C44Q2,633.630548083037
C44Q2,2534.5221923321483
C44Q2,3801.7832884982195
C44Q2,814.5319654189058
C44Q2,1333.052845258791
C44Q2,219.23616125969068
C44Q2,8918.50902331582
C44Q2,5052.569793172917
C45Q1,6288.975204808145
C45Q1,4097.11888003329
C45Q1,7261.294430319332
C45Q1,3664.2494264881766
C45Q1,6464.755966054328
C45Q1,5670.425994153999
C45Q1,4836.244158307691
C45Q1,3739.566631614454
C45Q1,10206.76450482994
C45Q1,3873.531874582828
C45Q1,10994.324305308897
C45Q1,4607.771815436752
C45Q1,4166.187574865726
C45Q1,1896.4422936833857
C45Q1,965.1534293369175
C45Q1,5789.3456925007595
C45Q1,4705.253906864348
C45Q1,8091.695174927505
C45Q1,6690.155458342008
C45Q1,3937.7951946493736
C45Q2,7261.294430319332
C45Q2,3664.2494264881766
C45Q2,4097.11888003329
C45Q2,6288.975204808145
C45Q2,6690.155458342008
C45Q2,8091.695174927505
C45Q2,4705.253906864348
C45Q2,965.1534293369175
C45Q2,3937.7951946493736
C45Q2,1896.4422936833857
C45Q2,4166.187574865726
C45Q2,5789.3456925007595
C45Q2,10994.324305308897
C45Q2,3873.531874582828
C45Q2,10206.76450482994
C45Q2,3739.566631614454
C45Q2,4836.244158307691
C45Q2,5670.425994153999
C45Q2,6464.755966054328
C45Q2,4607.771815436752
C47Q1,3926.7679638078257
C47Q1,909.7351211908904
C47Q1,14376.127739406227
C47Q1,4137.450519906777
C47Q1,1708.1626079767775
C47Q1,10012.946453357097
C47Q1,3648.128193775145
C47Q1,1504.8724089067566
C47Q1,3137.5483670844446
C47Q1,1646.9641422280356
C47Q1,9877.032787038703
C47Q1,4027.2772128732167
C47Q1,5544.267771694752
C47Q1,8322.421703108595
C47Q1,6974.373194693665
C47Q1,2436.7054000789367
C47Q1,4518.579185867588
C47Q1,3379.3630500343775
C47Q1,10687.233442001043
C47Q1,10035.122762894767
C47Q2,4027.2772128732167
C47Q2,4518.579185867588
C47Q2,10035.122762894767
C47Q2,3379.3630500343775
C47Q2,4137.450519906777
C47Q2,10012.946453357097
C47Q2,1708.1626079767775
C47Q2,1504.8724089067566
C47Q2,14376.127739406227
C47Q2,1646.9641422280356
C47Q2,3926.7679638078257
C47Q2,909.7351211908904
C47Q2,3137.5483670844446
C47Q2,10687.233442001043
C47Q2,9877.032787038703
C47Q2,5544.267771694752
C47Q2,8322.421703108595
C47Q2,6974.373194693665
C47Q2,2436.7054000789367
C47Q2,3648.128193775145
C48Q1,2789.523097797364
C48Q1,3077.3003146016067
C48Q1,7283.215620911442
C48Q1,4685.647825509686
C48Q1,4146.798535002074
C48Q1,2305.339324159058
C48Q1,2061.3732650262964
C48Q1,5049.569289753334
C48Q1,7928.89882568742
C48Q1,723.4644019870451
C48Q1,1741.1871843195613
C48Q1,5755.540528339435
C48Q1,1284.3677734031994
C48Q1,3332.512169165104
C48Q1,6527.420033029219
C48Q1,4964.412870367879
C48Q1,4487.8126025804095
C48Q1,6960.139842177898
C48Q1,1759.4613163135984
C48Q1,4634.574535703884
C48Q2,3077.3003146016067
C48Q2,2061.3732650262964
C48Q2,2305.339324159058
C48Q2,7283.215620911442
C48Q2,4685.647825509686
C48Q2,2789.523097797364
C48Q2,4146.798535002074
C48Q2,5049.569289753334
C48Q2,1759.4613163135984
C48Q2,1284.3677734031994
C48Q2,4487.8126025804095
C48Q2,4964.412870367879
C48Q2,6527.420033029219
C48Q2,4634.574535703884
C48Q2,5755.540528339435
C48Q2,1741.1871843195613
C48Q2,3332.512169165104
C48Q2,723.4644019870451
C48Q2,7928.89882568742
C48Q2,6960.139842177898
C49Q1,8863.243405762594
C49Q1,3391.36620603638
C49Q1,3452.988093079866
C49Q1,4682.201815871707
C49Q1,2045.0993417204731
C49Q1,429.47065995079004
C49Q1,1007.8032246442203
C49Q1,16113.228832076606
C49Q1,8411.816143186943
C49Q1,4678.066604306124
C49Q1,12636.55922768017
C49Q1,6044.883490075325
C49Q1,2378.170071502354
C49Q1,5311.877258749244
C49Q1,6587.372985239186
C49Q1,12722.667583429708
C49Q1,14080.829463776652
C49Q1,4107.742489856459
C49Q1,7862.868711729132
C49Q1,3874.9255094198465
C49Q2,14080.829463776652
C49Q2,3452.988093079866
C49Q2,4682.201815871707
C49Q2,1007.8032246442203
C49Q2,429.47065995079004
C49Q2,2045.0993417204731
C49Q2,7862.868711729132
C49Q2,4107.742489856459
C49Q2,12722.667583429708
C49Q2,2378.170071502354
C49Q2,5311.877258749244
C49Q2,3874.9255094198465
C49Q2,6044.883490075325
C49Q2,12636.55922768017
C49Q2,4678.066604306124
C49Q2,8411.816143186943
C49Q2,16113.228832076606
C49Q2,8863.243405762594
C49Q2,6587.372985239186
C49Q2,3391.36620603638
C52Q1,521.3675503430402
C52Q1,3557.7159433363195
C52Q1,3439.2744978188775
C52Q1,692.5032429070499
C52Q1,2972.7232510652216
C52Q1,6167.047387550881
C52Q1,6164.393388967811
C52Q1,5084.726203551663
C52Q1,6115.361050726606
C52Q1,2006.6677668296966
C52Q1,3849.3641141714784
C52Q1,2552.445250195111
C52Q1,2413.413801897087
C52Q1,10103.757374745197
C52Q1,3968.5998553911104
C52Q1,6001.696041109585
C52Q1,883.618556654988
C52Q1,4758.425264416591
C52Q1,5228.004049582584
C52Q1,3011.9913876327514
C52Q2,3439.2744978188775
C52Q2,3557.7159433363195
C52Q2,10103.757374745197
C52Q2,3968.5998553911104
C52Q2,3011.9913876327514
C52Q2,883.618556654988
C52Q2,5228.004049582584
C52Q2,2552.445250195111
C52Q2,2006.6677668296966
C52Q2,6115.361050726606
C52Q2,5084.726203551663
C52Q2,6164.393388967811
C52Q2,4758.425264416591
C52Q2,2413.413801897087
C52Q2,2972.7232510652216
C52Q2,692.5032429070499
C52Q2,521.3675503430402
C52Q2,3849.3641141714784
C52Q2,6167.047387550881
C52Q2,6001.696041109585
C53Q1,3669.5185846506465
C53Q1,5421.9134869463805
C53Q1,4532.096682237574
C53Q1,2991.578064241346
C53Q1,4141.7875419815355
C53Q1,2591.0032422350355
C53Q1,1779.6343709667074
C53Q1,1580.9477361533966
C53Q1,3785.0337777848995
C53Q1,6840.656597503595
C53Q1,1779.6343709667074
C53Q1,6376.229691940028
C53Q1,1045.394430112784
C53Q1,1130.7069670619412
C53Q1,4031.214421675062
C53Q1,3403.2425641146806
C53Q1,2901.314696649865
C53Q1,4867.760867449761
C53Q1,8118.524549412836
C53Q1,2986.8716908573165
C53Q2,5421.9134869463805
C53Q2,3669.5185846506465
C53Q2,3785.0337777848995
C53Q2,4141.7875419815355
C53Q2,2591.0032422350355
C53Q2,1779.6343709667074
C53Q2,4867.760867449761
C53Q2,1580.9477361533966
C53Q2,6840.656597503595
C53Q2,1779.6343709667074
C53Q2,6376.229691940028
C53Q2,1045.394430112784
C53Q2,1130.7069670619412
C53Q2,4031.214421675062
C53Q2,3403.2425641146806
C53Q2,2901.314696649865
C53Q2,8118.524549412836
C53Q2,2986.8716908573165
C53Q2,2991.578064241346
C53Q2,4532.096682237574
C54Q1,1873.52613920353
C54Q1,4861.41716351951
C54Q1,2187.0718926089694
C54Q1,2068.2409147313433
C54Q1,4240.887925228082
C54Q1,4529.625455436412
C54Q1,1816.370737580323
C54Q1,2215.0359752402846
C54Q1,3358.2677594317433
C54Q1,571.228453995548
C54Q1,4808.618965021987
C54Q1,1761.9199775547527
C54Q1,3331.6276298955936
C54Q1,3180.6668958574264
C54Q1,171.27166715425528
C54Q1,2068.2409147313433
C54Q1,1530.5952525624746
C54Q1,1722.1888191397293
C54Q1,721.9199804299561
C54Q1,1991.8727718591138
C54Q2,571.228453995548
C54Q2,3331.6276298955936
C54Q2,1761.9199775547527
C54Q2,4808.618965021987
C54Q2,1530.5952525624746
C54Q2,1722.1888191397293
C54Q2,1816.370737580323
C54Q2,4529.625455436412
C54Q2,4240.887925228082
C54Q2,2068.2409147313433
C54Q2,721.9199804299561
C54Q2,1991.8727718591138
C54Q2,2215.0359752402846
C54Q2,3358.2677594317433
C54Q2,2187.0718926089694
C54Q2,1873.52613920353
C54Q2,4861.41716351951
C54Q2,2068.2409147313433
C54Q2,171.27166715425528
C54Q2,3180.6668958574264
C55Q1,12134.02440558961
C55Q1,7164.250229619207
C55Q1,2240.3365399248933
C55Q1,475.22300625591384
C55Q1,673.2326239270901
C55Q1,6973.897226511629
C55Q1,259.5773204968186
C55Q1,2549.855983284803
C55Q1,3570.1912597749088
C55Q1,796.473732592243
C55Q1,4742.596466554617
C55Q1,3168.1527404151825
C55Q1,760.3565053898261
C55Q1,1689.1798545533163
C55Q1,4301.221651983691
C55Q1,9716.5134695815
C55Q1,4301.221651983691
C55Q1,7315.581457290275
C55Q1,3925.3400592617004
C55Q1,950.4456317372825
C55Q2,475.22300625591384
C55Q2,259.5773204968186
C55Q2,2240.3365399248933
C55Q2,7164.250229619207
C55Q2,9716.5134695815
C55Q2,950.4456317372825
C55Q2,7315.581457290275
C55Q2,12134.02440558961
C55Q2,3925.3400592617004
C55Q2,6973.897226511629
C55Q2,4301.221651983691
C55Q2,1689.1798545533163
C55Q2,760.3565053898261
C55Q2,3168.1527404151825
C55Q2,4742.596466554617
C55Q2,796.473732592243
C55Q2,3570.1912597749088
C55Q2,2549.855983284803
C55Q2,4301.221651983691
C55Q2,673.2326239270901
C56Q1,10018.745649687078
C56Q1,4669.754295974947
C56Q1,1846.675822118193
C56Q1,8289.743631602343
C56Q1,3714.046740791561
C56Q1,3534.0641324343023
C56Q1,2457.9887933071145
C56Q1,4598.541840450597
C56Q1,13531.67260631873
C56Q1,13404.31875178619
C56Q1,7577.737116467943
C56Q1,8509.035500178057
C56Q1,9134.43865265359
C56Q1,927.8862630066869
C56Q1,762.2314392525246
C56Q1,13886.68394619455
C56Q1,2626.7370294700004
C56Q1,1562.112342479096
C56Q1,2338.591603680131
C56Q1,4821.519606628043
C56Q2,1846.675822118193
C56Q2,4669.754295974947
C56Q2,2338.591603680131
C56Q2,1562.112342479096
C56Q2,2626.7370294700004
C56Q2,13886.68394619455
C56Q2,762.2314392525246
C56Q2,4821.519606628043
C56Q2,9134.43865265359
C56Q2,8509.035500178057
C56Q2,13404.31875178619
C56Q2,13531.67260631873
C56Q2,4598.541840450597
C56Q2,2457.9887933071145
C56Q2,927.8862630066869
C56Q2,3534.0641324343023
C56Q2,7577.737116467943
C56Q2,8289.743631602343
C56Q2,10018.745649687078
C56Q2,3714.046740791561
C58Q1,8068.228039680123
C58Q1,16569.43862294541
C58Q1,1078.5183886119771
C58Q1,4214.275592233763
C58Q1,2403.044168695852
C58Q1,8126.391351525625
C58Q1,2832.328629893828
C58Q1,3627.851949220171
C58Q1,5402.756719555566
C58Q1,7528.1031544446405
C58Q1,8886.668655809955
C58Q1,2331.7605083314656
C58Q1,7962.201367448505
C58Q1,4105.294109528036
C58Q1,7920.380899101591
C58Q1,3801.7832884982195
C58Q1,5722.474066796629
C58Q1,3643.3757466711004
C58Q1,4419.730113821163
C58Q1,3755.2115153708933
C58Q2,1078.5183886119771
C58Q2,16569.43862294541
C58Q2,4419.730113821163
C58Q2,8126.391351525625
C58Q2,3755.2115153708933
C58Q2,4214.275592233763
C58Q2,8068.228039680123
C58Q2,2403.044168695852
C58Q2,3643.3757466711004
C58Q2,2832.328629893828
C58Q2,3627.851949220171
C58Q2,5402.756719555566
C58Q2,8886.668655809955
C58Q2,2331.7605083314656
C58Q2,7962.201367448505
C58Q2,4105.294109528036
C58Q2,7920.380899101591
C58Q2,3801.7832884982195
C58Q2,5722.474066796629
C58Q2,7528.1031544446405
C61Q1,997.6494906103604
C61Q1,1080.7219309075567
C61Q1,6172.545771989817
C61Q1,3460.6237650434527
C61Q1,2151.9698103452097
C61Q1,4029.603745347032
C61Q1,4274.734974589431
C61Q1,16187.243788256825
C61Q1,2074.3325459123857
C61Q1,6705.260784567281
C61Q1,5738.58463782238
C61Q1,4029.603745347032
C61Q1,2373.4366631255853
C61Q1,7872.235765551715
C61Q1,1080.7219309075567
C61Q1,2571.8544711096793
C61Q1,1080.7219309075567
C61Q1,3376.8080528331798
C61Q1,10978.251811737722
C61Q1,3332.321401117739
C61Q2,4029.603745347032
C61Q2,2151.9698103452097
C61Q2,4274.734974589431
C61Q2,6172.545771989817
C61Q2,997.6494906103604
C61Q2,1080.7219309075567
C61Q2,3460.6237650434527
C61Q2,16187.243788256825
C61Q2,6705.260784567281
C61Q2,10978.251811737722
C61Q2,3376.8080528331798
C61Q2,2571.8544711096793
C61Q2,3332.321401117739
C61Q2,7872.235765551715
C61Q2,2373.4366631255853
C61Q2,2074.3325459123857
C61Q2,5738.58463782238
C61Q2,1080.7219309075567
C61Q2,4029.603745347032
C61Q2,1080.7219309075567
C63Q1,1293.256193621919
C63Q1,5171.165833155891
C63Q1,12378.230352686121
C63Q1,3156.448873206049
C63Q1,5815.615328404005
C63Q1,8613.634267863536
C63Q1,4520.745793032244
C63Q1,4094.502958904786
C63Q1,5171.165833155891
C63Q1,14199.554967105121
C63Q1,3663.7414732442976
C63Q1,2486.4098053931893
C63Q1,3067.6484414188903
C63Q1,8949.462186130353
C63Q1,1598.4062490706842
C63Q1,5001.961048312788
C63Q1,1648.069911508555
C63Q1,8949.462186130353
C63Q1,10826.863467884798
C63Q1,11027.390766851693
C63Q2,11027.390766851693
C63Q2,1598.4062490706842
C63Q2,8949.462186130353
C63Q2,3067.6484414188903
C63Q2,2486.4098053931893
C63Q2,3663.7414732442976
C63Q2,14199.554967105121
C63Q2,10826.863467884798
C63Q2,4094.502958904786
C63Q2,4520.745793032244
C63Q2,8613.634267863536
C63Q2,5815.615328404005
C63Q2,3156.448873206049
C63Q2,12378.230352686121
C63Q2,5171.165833155891
C63Q2,1293.256193621919
C63Q2,8949.462186130353
C63Q2,5171.165833155891
C63Q2,1648.069911508555
C63Q2,5001.961048312788
C65Q1,1947.1047277544521
C65Q1,169.3508118813532
C65Q1,3164.582217500777
C65Q1,5312.631192349601
C65Q1,7736.8399526154035
C65Q1,4719.472028398301
C65Q1,3355.5318943213674
C65Q1,1966.4465515744416
C65Q1,2443.551726409424
C65Q1,3920.1615254410876
C65Q1,2340.0716743390044
C65Q1,1966.4465515744416
C65Q1,1966.4465515744416
C65Q1,1305.6721092313844
C65Q1,1730.0430556925082
C65Q1,6155.864039145626
C65Q1,7967.0105499598585
C65Q1,2739.3248278974243
C65Q1,5921.90473507211
C65Q1,4749.560832994247
C65Q2,1966.4465515744416
C65Q2,7967.0105499598585
C65Q2,1305.6721092313844
C65Q2,1730.0430556925082
C65Q2,6155.864039145626
C65Q2,4749.560832994247
C65Q2,2739.3248278974243
C65Q2,5921.90473507211
C65Q2,1966.4465515744416
C65Q2,3164.582217500777
C65Q2,2443.551726409424
C65Q2,1966.4465515744416
C65Q2,2340.0716743390044
C65Q2,3355.5318943213674
C65Q2,4719.472028398301
C65Q2,7736.8399526154035
C65Q2,5312.631192349601
C65Q2,169.3508118813532
C65Q2,3920.1615254410876
C65Q2,1947.1047277544521
